,Close,Open,High,Low,Volume,Adj Close,Returns,SMA_20,SMA_50
2024-04-01,46.22773515840168,46.323782876125904,46.23002854629576,45.17165593293654,73903,46.22773515840168,,,
2024-04-02,47.39065957967846,47.3977735777397,48.80987682826199,46.34402393742238,470245,47.39065957967846,0.02515642216284153,,
2024-04-03,47.42239735742393,47.00948349385876,48.10457498372382,47.29545369434765,445082,47.42239735742393,0.0006697053391313545,,
2024-04-04,46.662755698460444,47.10020295807299,47.278171780865186,46.07388328636046,336432,46.662755698460444,-0.016018626246118384,,
2024-04-05,46.93419337404086,47.11162564672445,47.03032806739171,46.75804102982285,267585,46.93419337404086,0.005817009122531802,,
2024-04-08,47.256302593629634,47.58473613517268,47.394262613441974,46.15285238007591,429420,47.256302593629634,0.006862996813894906,,
2024-04-09,47.483423755593236,47.01289250738692,48.05752542107238,46.757516399878945,93372,47.483423755593236,0.004806155993977823,,
2024-04-10,47.49710714986761,47.77316862417764,47.84559046886473,46.12163922372708,419066,47.49710714986761,0.0002881720228264939,,
2024-04-11,48.94946138268543,49.24001818111294,49.58167889213426,48.89983315814987,233125,48.94946138268543,0.030577740834514477,,
2024-04-12,49.509497203658945,49.30939152250047,49.989198287213576,49.21074859916535,364847,49.509497203658945,0.01144110282634525,,
2024-04-15,49.14805843735609,49.27699386358084,50.03281105261105,48.75946881622205,398910,49.14805843735609,-0.007300392585609661,,
2024-04-16,50.81609646321376,51.15666798011346,51.5722212795183,49.32308935843953,265353,50.81609646321376,0.033939042128871444,,
2024-04-17,50.87736877763506,51.157519228080844,51.03383187567063,49.90493533920609,148972,50.87736877763506,0.0012057658632960155,,
2024-04-18,51.01632566634837,50.62723722099777,52.42429682819668,50.05499300562708,168596,51.01632566634837,0.002731212168629149,,
2024-04-19,51.5702328615631,51.161969148356505,52.43158884241572,50.67193566940036,200060,51.5702328615631,0.010857449806113584,,
2024-04-22,50.856676873740554,50.56853446892662,51.87826902638375,49.763794195152556,439630,50.856676873740554,-0.013836586500162618,,
2024-04-23,50.468350922226875,50.099548480974796,50.9933858167535,49.52271985780419,141831,50.468350922226875,-0.0076356926048817275,,
2024-04-24,50.06295304716616,50.27164742301926,51.051891736568855,49.28933933778731,172670,50.06295304716616,-0.008032714912469485,,
2024-04-25,49.52549646961884,49.50468509914082,50.70839583632657,48.707548053128434,296449,49.52549646961884,-0.01073561475770246,,
2024-04-26,48.313055644906115,48.668539782277094,49.555652471286564,47.53587243206625,33690,48.313055644906115,-0.024481144282046507,48.899407420860754,
2024-04-29,49.15201005694253,48.70049635703598,49.85434066546979,48.185482939514344,144405,49.15201005694253,0.01736496275877486,49.04562116578781,
2024-04-30,50.34537039349919,49.87426454343241,50.40604677915417,49.47487915771323,36814,50.34537039349919,0.024278973233732515,49.19335670647884,
2024-05-01,50.48622918757004,50.672363733285515,51.82795177577287,50.10565454468609,369516,50.48622918757004,0.002797849990374468,49.34654829798614,
2024-05-02,49.901545755584095,49.41726465444268,51.26346938115683,49.62499911843479,341220,49.901545755584095,-0.011581047770743313,49.508487800842325,
2024-05-03,48.94464383708946,48.66640110780437,49.08007930640509,48.34517714192607,309386,48.94464383708946,-0.019175797142267026,49.60901032399475,
2024-05-06,50.23773134652313,49.96532038878336,51.666709653272754,49.961322318662276,146364,50.23773134652313,0.02641938745611605,49.75808176163943,
2024-05-07,50.37593289015175,50.868485051516195,51.40350253604348,49.13024307350166,129531,50.37593289015175,0.0027509511262631126,49.902707218367354,
2024-05-08,49.34820886888711,49.69147623739785,50.70600991099863,48.656648778352654,190551,49.34820886888711,-0.020401091598753363,49.99526230431833,
2024-05-09,47.73214590965601,47.599251458559074,48.117020501550066,46.90383726689064,122232,47.73214590965601,-0.032748158368317015,49.93439653066686,
2024-05-10,48.86148053381424,49.16139902222363,49.040944674921064,48.41096865477509,268909,48.86148053381424,0.02365983348613221,49.90199569717463,
2024-05-13,48.97157022069174,49.091147375975176,50.38415543704453,47.68900145258997,465806,48.97157022069174,0.0022530976481835996,49.893171286341406,
2024-05-14,49.025701129263496,49.504672336973094,49.622018320294025,48.313271060258515,34070,49.025701129263496,0.001105353745608273,49.80365151964389,
2024-05-15,48.07759356746076,48.262422933903274,49.47425967584239,47.756807870159975,483376,48.07759356746076,-0.01933899036554132,49.66366275913518,
2024-05-16,48.90333069635225,49.05545255023068,49.78884745000298,48.366972017488045,379727,48.90333069635225,0.017175092753609844,49.55801301063537,
2024-05-17,48.084392555465406,47.68138771668421,48.87752282710216,47.183300862077076,160424,48.084392555465406,-0.016746060630752235,49.383720995330485,
2024-05-20,47.8645392835419,47.89296651310839,48.06434786267047,47.00407143229983,414692,47.8645392835419,-0.00457223768959758,49.23411411582055,
2024-05-21,48.63288299434325,48.1825062319545,49.701037152912924,48.33735048447588,13837,48.63288299434325,0.016052462267521328,49.14234071942637,
2024-05-22,47.955456141577876,48.2210132331334,48.176189557279976,46.51948576682827,489546,47.955456141577876,-0.0139293994321531,49.03696587414696,
2024-05-23,46.95804178185882,47.415151684660636,47.51658929504697,46.60787800744041,83875,46.95804178185882,-0.020798767021929954,48.908593139758956,
2024-05-24,47.54698924192532,47.628395443753824,47.857274437090815,47.22224442145028,251306,47.54698924192532,0.01254199361213626,48.870289819609916,
2024-05-27,48.63372995328125,48.530963226919916,49.07413379059253,47.45574433510103,279588,48.63372995328125,0.022856141444129063,48.844375814426854,
2024-05-28,47.83524789070226,48.146402404663895,48.29721845964026,47.31824820257462,238365,47.83524789070226,-0.01641827726037104,48.71886968928701,
2024-05-29,48.92289368167174,48.47863939174524,49.71448542000499,48.123363424891735,196323,48.92289368167174,0.022737329457445554,48.64070291399209,
2024-05-30,49.30657016322204,49.585539472304525,50.738828463372016,47.91218202142194,376402,49.30657016322204,0.007842473179260123,48.61095413437399,
2024-05-31,48.86703710987158,49.175816172753905,49.481288175741625,48.79210667241481,92281,48.86703710987158,-0.008914289756830618,48.6070737980131,
2024-06-03,48.37135373245042,48.61525173850387,48.671833262541796,48.055175306144235,131377,48.37135373245042,-0.01014351200189767,48.51375491730946,
2024-06-04,47.36484955987343,47.051139010543736,47.72293154334858,46.63985588770899,66207,47.36484955987343,-0.020807856198198027,48.36320075079554,
2024-06-05,46.398024546031934,46.48201080701863,47.673010102021045,45.29348098185347,202458,46.398024546031934,-0.020412289341684486,48.215691534652784,
2024-06-06,44.644557299273394,44.4794191980925,45.64993321720734,44.26397835817769,199220,44.644557299273394,-0.03779185135390639,48.06131210413365,
2024-06-07,43.98658610278385,44.08615827836248,43.98776783550098,43.951610495458695,215645,43.98658610278385,-0.01473799352693439,47.81756738258214,48.59449589697151
2024-06-10,43.43717895403787,43.11382454653886,43.737973966564304,42.7664644341614,284308,43.43717895403787,-0.012490333927306363,47.540847819249436,48.53868477288424
2024-06-11,43.85144907125013,44.21130943497882,43.92296086594189,43.626263160724335,415686,43.85144907125013,0.009537224267041289,47.28213521634878,48.46790056271567
2024-06-12,44.23408318387021,44.31881379982912,45.421081956186015,43.36748635186491,397805,44.23408318387021,0.008725689132835113,47.08995969716925,48.40413427924459
2024-06-13,44.955365296966285,45.082908594672816,45.68086512608741,43.93815406617096,384799,44.955365296966285,0.016306026059088374,46.89256142719995,48.36998647121471
2024-06-14,46.54669395920043,46.50235395771793,47.28216636735981,45.951607805956556,287458,46.54669395920043,0.03539796978007281,46.8156764973867,48.36223648291789
2024-06-17,45.96616529447606,45.915048692553306,46.09487857258964,45.5084511415227,28235,45.96616529447606,-0.01247196342737511,46.72075779793341,48.33643373693482
2024-06-18,46.40494547029356,46.85131449952667,46.796341170243224,46.19491272621649,146211,46.40494547029356,0.009545720705795402,46.609360921730925,48.314864171228834
2024-06-19,47.58104652016179,47.27248084597274,47.60795408527993,46.39731982579736,427780,47.58104652016179,0.025344304102697723,46.590640440660124,48.31654295863472
2024-06-20,47.64769373533533,48.06788738695624,48.57367779267885,46.26420271718279,375281,47.64769373533533,0.0014007093170029794,46.625123038333946,48.290507605687715
2024-06-21,46.186017520034795,46.17422809259706,46.83646368250626,45.26561093897011,354557,46.186017520034795,-0.030676746358797247,46.55707445223942,48.224038012015235
2024-06-24,46.101438659164344,46.39787040595978,47.05876028661779,44.7819377442938,60991,46.101438659164344,-0.0018312655087389107,46.43045988753357,48.163105616451396
2024-06-25,47.55180292049997,47.24257780223145,48.702482373076506,47.14395662550156,291050,47.55180292049997,0.03146028201111939,46.41628763902346,48.097819745597114
2024-06-26,47.555565113335675,47.48355345337795,47.61021131319713,47.40522228672346,148404,47.555565113335675,7.911777481894866e-05,46.34792121060666,48.03138367231114
2024-06-27,47.103171305150234,46.73606970672188,47.24922286361134,46.999079969145626,270315,47.103171305150234,-0.00951295199851554,46.23775126770307,47.95312058508717
2024-06-28,47.69634616237069,47.45692547904603,49.040287796026114,47.25661327654059,351339,47.69634616237069,0.012593098103260703,46.17921672032802,47.87564285110332
2024-07-01,47.83524974992856,47.43492616041988,49.12623135959895,46.45767438476639,383026,47.83524974992856,0.0029122479756626962,46.15241152120193,47.815214308627084
2024-07-02,46.62200894700531,46.79455002749942,46.82602165716439,45.386388853934974,443789,46.62200894700531,-0.02536290307390021,46.115269490558525,47.73828746912265
2024-07-03,46.12824962664692,46.37932566765947,46.448945184240166,46.035220681776465,462249,46.12824962664692,-0.010590691639213667,46.10178074458928,47.659593400712275
2024-07-04,47.53663754738827,47.508287356799265,47.92955910742739,46.122564528044904,461681,47.53663754738827,0.03053200440382131,46.24638475699501,47.61981622226765
2024-07-05,45.79407845592232,45.724658915989934,46.099104755060544,44.89268699734824,74625,45.79407845592232,-0.036657180258675814,46.33675937465193,47.56943667848798
2024-07-08,44.77231628547576,44.711535468778614,45.97299566764051,43.597182375128305,407105,44.77231628547576,-0.022312102457308414,46.403516241223834,47.481842803058655
2024-07-09,44.6062292040481,44.744977472305166,45.227181379723355,44.366736235678225,416556,44.6062292040481,-0.0037095932309747504,46.44125524786373,47.36705997926963
2024-07-10,45.31647054435452,45.28777575915861,46.253222577166156,44.08570236066624,95626,45.31647054435452,0.015922469865306876,46.49537461588795,47.263664806405316
2024-07-11,45.4112751992459,45.248215444346506,45.53246642557155,44.173247688603084,27678,45.4112751992459,0.0020920573414600074,46.51817011100193,47.17385939527854
2024-07-12,44.69360808570196,44.503856067730666,45.8242490338721,43.416120702483525,465958,44.69360808570196,-0.0158037207806897,46.425515817327,47.0888386802508
2024-07-15,45.70397077729898,46.12086789026839,46.28867427290919,45.66793514700347,404725,45.70397077729898,0.022606424830584393,46.412406091468156,46.998163468866316
2024-07-16,46.15376260409897,46.32114122285492,47.43925875972016,45.97819832081938,484991,46.15376260409897,0.009841416821126714,46.39984694815842,46.913720063145256
2024-07-17,46.609065535688956,46.816625365593325,47.290978269279826,45.68455294749843,439197,46.609065535688956,0.009864914709024175,46.35124789893477,46.8589371964813
2024-07-18,46.360311218249365,46.77672737068918,46.76527194013492,45.45586450728913,16257,46.360311218249365,-0.005337037217558405,46.28687877308048,46.831500502653164
2024-07-19,45.41743229622435,45.533677290846875,45.97125810879255,45.312621991669964,155328,45.41743229622435,-0.020338062822448433,46.24844951188996,46.762619537901365
2024-07-22,44.61619398926986,44.87739600307521,44.81191989581172,43.46766707924626,437612,44.61619398926986,-0.017641646972215486,46.17418727839523,46.67551201327293
2024-07-23,44.222969266179575,44.11949799689299,44.74455993539223,44.08330434760831,389347,44.222969266179575,-0.008813497699621253,46.00774559567921,46.57945737601125
2024-07-24,43.330981392220274,43.31911639745817,43.94168132271839,43.036023467941384,301890,43.330981392220274,-0.02017023932948503,45.796516409623436,46.48452513250644
2024-07-25,43.09799120920479,43.484293205989545,43.815424929362116,42.36288131262866,252170,43.09799120920479,-0.005376988370203728,45.59625740482617,46.36841834276349
2024-07-26,44.199329113615256,44.13641436968683,44.32827875598801,43.888813457046496,12113,44.199329113615256,0.02555427465434268,45.421406552388405,46.29071707392649
2024-07-29,44.52816072530405,44.60136896055243,44.90619366894973,43.870695386000314,310990,44.52816072530405,0.00743974214729648,45.25605210115718,46.22398950276173
2024-07-30,43.82866211031448,43.82954699080508,44.12198034077468,42.803090599664436,119335,43.82866211031448,-0.015709128865771027,45.11638475932263,46.12790508508115
2024-07-31,44.03270622855463,43.68275217052967,44.46913920485317,43.38920266816815,109900,44.03270622855463,0.004655495021193667,45.01160758941801,46.04945008682069
2024-08-01,43.48344979365258,43.37189053618336,44.43299730882239,42.62457864775654,299182,43.48344979365258,-0.012473828704760881,44.80894820173124,45.979958247056565
2024-08-02,44.46940309539484,44.78357174002501,45.52016979085531,44.36634708746192,403607,44.46940309539484,0.02267421987954088,44.74271443370486,45.918406524125956
2024-08-05,43.97563739565619,43.939811654685805,45.19403551464507,42.6767908028604,464622,43.97563739565619,-0.011103492859560804,44.70288048921388,45.82524467297345
2024-08-06,44.701605030676774,44.58930205212298,45.346237012723705,44.51213604160989,103960,44.701605030676774,0.016508405062760634,44.70764928054532,45.762571815772944
2024-08-07,42.219079623184555,41.914819995035934,43.21021177738626,41.780743793892896,478011,42.219079623184555,-0.0555354870544037,44.55277973448681,45.628495534603196
2024-08-08,42.026282758926314,41.79992924046303,43.25499326742803,41.00478126772938,444842,42.026282758926314,-0.004566581412456139,44.38353011247084,45.48288978651729
2024-08-09,43.17446017026403,43.017025367546836,43.588842018721955,42.351495153277476,318697,43.17446017026403,0.027320460815531966,44.30757271669894,45.369038247725136
2024-08-12,42.44594242138568,42.1615452312085,42.89833071780519,41.25453638578226,361609,42.44594242138568,-0.016873812573575786,44.144671298903276,45.25053002150385
2024-08-13,43.148147940815534,42.97094098275873,43.36358459229218,41.942585001089725,471008,43.148147940815534,0.016543525231661693,43.9943905657391,45.16619598912268
2024-08-14,42.27189828591827,41.970095330941284,43.27259067389286,41.74876355389022,42694,42.27189828591827,-0.020307932013656327,43.77753220325057,45.083673463920405
2024-08-15,41.90136288402245,41.53333184180596,43.035316430018305,41.78769910425763,63832,41.90136288402245,-0.00876552548905185,43.55458478653922,45.028809575615384
2024-08-16,41.76566786005882,41.5974726632358,41.83582568724791,40.6344774829151,387152,41.76566786005882,-0.0032384393877404882,43.37199656473095,44.98439121076089
2024-08-19,42.245126661048396,41.86330057193915,42.81981328759255,41.39573983419799,285417,42.245126661048396,0.011479735044488404,43.25344319831988,44.96055016490109
2024-08-20,41.5463471202423,41.45692514796795,41.553618422084675,40.65872104979249,187499,41.5463471202423,-0.016541068663675995,43.11961209102301,44.914448125880945
2024-08-21,42.35849473628763,42.63618394780788,42.47432324294947,41.65493253071622,481964,42.35849473628763,0.019547990914696722,43.07098775822637,44.8769363569293
2024-08-22,42.733025245766996,42.671283175330466,43.01356245955237,42.29519653673137,244725,42.733025245766996,0.008841922070439212,43.05273946005449,44.83248955590531
2024-08-23,42.151365577248605,42.48108617744221,42.858288494549434,41.25831278578349,22690,42.151365577248605,-0.013611478831024426,42.950341283236156,44.744582988266274
2024-08-26,42.778882218661366,42.71093690243381,43.08442867873188,41.634819633956624,83732,42.778882218661366,0.014887219733432877,42.862877357904026,44.68083732674998
2024-08-27,42.52406868723347,42.23283860888374,43.16693817691384,42.02124861062345,178061,42.52406868723347,-0.005956526169277443,42.797647686749976,44.603219791088776
2024-08-28,42.30185515496846,42.051195945174214,43.36964040260106,41.3773586415936,372818,42.30185515496846,-0.0052255943310459685,42.71110513307066,44.497635963784916
2024-08-29,42.64162229828873,42.8751732639236,42.814908526761684,41.3885214286572,338238,42.64162229828873,0.008031967914304827,42.66901375830247,44.397514535043975
2024-08-30,43.76717470326889,43.61964217186506,44.010351899169855,43.214711913697734,64426,43.76717470326889,0.02639562812846674,42.633902338696174,44.34913767870866
2024-09-02,43.554236932858196,43.76566167559205,44.58315754569506,43.35157311119706,53425,43.554236932858196,-0.004865239117086362,42.612832315556275,44.29819364418254
2024-09-03,43.59913967484457,43.99344295382238,44.705490177484165,43.155470721831996,458570,43.59913967484457,0.001030961512552775,42.55770904776466,44.219140379269426
2024-09-04,44.17164039402969,44.59013087852419,44.93824906993975,42.8892467380308,297909,44.17164039402969,0.013131009544104177,42.65533708630692,44.151461884883304
2024-09-05,43.51311375888168,43.1564421332961,44.20246072184614,42.704836339214104,91157,43.51311375888168,-0.014908358151829337,42.72967863630469,44.07966073395794
2024-09-06,43.54801565236333,43.249902748320544,44.499727008518086,42.48425891422976,379115,43.54801565236333,0.0008021005730607378,42.748356410409656,43.99669412375779
2024-09-09,43.956918357194894,43.95793983190906,44.153314393145415,43.37166635152858,29003,43.956918357194894,0.00938969775559384,42.82390520720011,43.91912749590312
2024-09-10,44.12915047785416,44.125429447681995,44.16352907766342,43.24977409279254,348049,44.12915047785416,0.003918202801654669,42.872955334052044,43.8692703265201
2024-09-11,44.05930203714117,44.16049940747102,44.564896440741165,43.70243746784404,484695,44.05930203714117,-0.0015828186121108478,42.96232552161319,43.82789137472998
2024-09-12,44.0430037417744,44.350459844152475,44.30305427607176,43.09559366364349,11460,44.0430037417744,-0.0003699172391118388,43.06940756450079,43.7580186986177
2024-09-13,43.6984205466305,44.013401703937504,44.264149846881104,43.041441915970985,498442,43.6984205466305,-0.007823789611721366,43.166045198829366,43.71610554043186
2024-09-16,45.17732280256742,45.030809210004826,46.381781463825604,43.87064266315434,180518,45.17732280256742,0.03384338009102139,43.31265500590532,43.72420567077369
2024-09-17,44.908879012212815,45.170075454311196,46.06611876574472,44.75648175270786,358074,44.908879012212815,-0.005942003060423695,43.480781600503846,43.730258666937
2024-09-18,43.65118782809717,43.46137622349692,44.6310101375502,43.047831894859506,276113,43.65118782809717,-0.02800540142125607,43.54541625509433,43.69695301261185
2024-09-19,44.8319595971404,44.54573118033176,45.05616009442025,44.14505510847239,99090,44.8319595971404,0.027050163530331073,43.65036297266299,43.68536670056974
2024-09-20,45.78064863513298,45.323027869055785,46.54533022102214,45.46497845034595,33195,45.78064863513298,0.021160998683026344,43.83182712555721,43.70710751155835
2024-09-23,46.31536919898347,46.26135643181648,47.03825628312111,45.22158276743099,382905,46.31536919898347,0.011680056525894988,44.00865147457331,43.719335479992054
2024-09-24,44.69839387249424,44.43642187856645,45.23397793167145,43.42598670565557,472263,44.69839387249424,-0.03491228407447766,44.11736773383636,43.69022810535996
2024-09-25,43.63028005649659,43.70701947579062,44.884084064941476,42.99071204724711,145514,43.63028005649659,-0.02389602228313925,44.183788978912766,43.630652395776096
2024-09-26,43.25665201335249,43.557332682369804,44.28181677576712,42.351818328750355,295228,43.25665201335249,-0.008563503206036827,44.21454046466595,43.56857921167817
2024-09-27,42.717983132935785,42.38679830554862,42.88925640575953,41.69552035536997,81434,42.717983132935785,-0.012452856505178245,44.1620808861493,43.5145902284124
2024-09-30,43.194589867539094,43.111523726916694,43.62641501062186,42.94029564625839,146227,43.194589867539094,0.011157051425394693,44.14409853288334,43.48615814597778
2024-10-01,44.514949309803185,44.507543889533366,44.953281848241836,44.50356720429758,193813,44.514949309803185,0.030567704110934235,44.18988901463128,43.491997746850245
2024-10-02,44.72855737958799,44.94199683201502,45.11158703442172,44.16057272237884,266986,44.72855737958799,0.004798569314281131,44.217734863909186,43.519949266597614
2024-10-03,44.36977707511279,44.42098903008546,44.93319531185391,44.33445284310445,205448,44.36977707511279,-0.008021280485986049,44.260568029720744,43.545384983915774
2024-10-04,43.55406958223437,43.183314921933736,44.0880102438451,43.24487460364442,195646,43.55406958223437,-0.018384304511999905,44.26087072621429,43.53247979328815
2024-10-07,43.01880288415638,42.8277739696572,43.36667632521586,42.91063920088635,37523,43.01880288415638,-0.012289705720090138,44.21396495256237,43.50229263646519
2024-10-08,43.0525620277815,42.88823561361707,43.60747626616191,41.92052995250083,172916,43.0525620277815,0.0007847532093356868,44.16013553005874,43.48677063481454
2024-10-09,43.667553551945254,43.64965184692348,44.63716839589312,43.532385487278724,305165,43.667553551945254,0.014284667281053043,44.14054810579894,43.47946758128235
2024-10-10,44.026401855883336,44.1106930586537,44.30411104456042,43.11422728727107,11680,44.026401855883336,0.008217733185148735,44.139718011504385,43.490326622526965
2024-10-11,41.82344761223712,41.8350995583526,42.874444757723104,40.63335503834266,189971,41.82344761223712,-0.050037117520014496,44.04596936478472,43.437407512863814
2024-10-14,42.67628550309522,43.01092121623802,43.5146074541548,42.12421549784551,430000,42.67628550309522,0.020391381857495894,43.920917499811104,43.41142047501259
2024-10-15,41.94589752736364,42.350032697915054,43.12191133462979,40.81660668793264,366727,41.94589752736364,-0.017114609838257966,43.77276842556866,43.356306324946324
2024-10-16,43.083585217659994,42.96314713546429,43.26139202936682,42.836057237185955,16127,43.083585217659994,0.027122740419469604,43.74438829504679,43.37359643683584
2024-10-17,43.039014617792354,43.440760368214754,43.66368122862687,42.13115569971886,491180,43.039014617792354,-0.0010345146450201348,43.654741046079394,43.393851074013156
2024-10-18,42.293805077077984,42.570529791961654,42.66871438407103,41.82161118957995,464291,42.293805077077984,-0.017314744478520216,43.480398868176636,43.376237972149426
2024-10-21,42.78218141602347,42.92909111767118,43.64757950707428,41.54378621939822,49020,42.78218141602347,0.011547231043776973,43.30373947902864,43.38296275204218
2024-10-22,43.61436559191468,43.93796813996539,43.95267919878173,43.370223741696854,181666,43.61436559191468,0.01945165366391355,43.24953806499966,43.39228710506418
2024-10-23,43.68620474178315,43.603449405175006,44.00427095551906,43.4894738911278,79078,43.68620474178315,0.0016471442125434166,43.25233429926399,43.420573234181475
2024-10-24,43.86521772552779,44.20358457957849,44.4347591001036,43.25631653513952,302607,43.86521772552779,0.004097700516735969,43.28276258487275,43.45985033101157
2024-10-25,43.77799335919677,43.78238361133972,44.369881682799125,43.399774714419756,84376,43.77799335919677,-0.0019884630888372667,43.3357630961858,43.50009684099434
2024-10-28,43.19941440987955,43.465220263028016,43.8875273635968,42.87670820675527,451622,43.19941440987955,-0.013216205333350994,43.33600432330283,43.51918259597096
2024-10-29,42.53916114142863,42.94280331220289,43.763805908440574,41.63719789943376,343192,42.53916114142863,-0.015283847650951587,43.2372149148841,43.53903887639469
2024-10-30,42.80109859988269,42.784858921453036,43.077476121763134,42.57757445249569,373614,42.80109859988269,0.0061575605025028235,43.14084197589883,43.54789095366658
2024-10-31,43.58637035806415,43.770646854168774,43.598923196755685,42.90079786396259,314240,43.58637035806415,0.01834700005068579,43.101671640046405,43.56495785591253
2024-11-01,43.510004510857996,43.14929473590925,43.873738111203096,43.39172390674166,196631,43.510004510857996,-0.001752057961670217,43.09946838647758,43.59213063458472
2024-11-04,43.40201634168262,43.78350095315307,44.179889699351854,42.8845122967835,393611,43.40201634168262,-0.002481915834976034,43.11862905935389,43.60459331704514
2024-11-05,43.05677260066696,42.986213939987714,44.08820614508915,42.537993430754,270558,43.05677260066696,-0.007954555343644087,43.11883958799817,43.615247395313816
2024-11-06,42.957943529318385,43.10938893156966,43.17164477008229,42.11152193712043,421134,42.957943529318385,-0.0022953200014588226,43.08335908686682,43.62836916280081
2024-11-07,42.82238199207524,43.01624159505009,43.36245313902889,42.48040669584469,280661,42.82238199207524,-0.0031556803260524013,43.02315809367642,43.63198435667655
2024-11-08,40.89908955286889,40.540987061925755,41.410471673633076,39.954836097904256,215577,40.89908955286889,-0.04491325212974573,42.976940190708014,43.57462265366854
2024-11-11,41.12215756770473,41.381329846959574,41.991313461790774,41.076470336218534,221212,41.12215756770473,0.005454107102983219,42.899233793938485,43.525981066365475
2024-11-12,42.22656928177007,42.32865083048291,43.21812043816461,41.740389011980184,290973,42.22656928177007,0.026856852348931426,42.9132673816588,43.49852965850398
2024-11-13,42.3509867626584,42.38519322229704,43.49471540577658,42.0215613358378,145305,42.3509867626584,0.0029464264562464315,42.876637458908725,43.462116585876565
2024-11-14,43.197361848281645,43.083960405870315,44.05840928337287,42.79029100161863,184109,43.197361848281645,0.019984778403546066,42.884554820433195,43.45580154766456
2024-11-15,42.10668479382433,42.05047903393459,42.29537150591576,41.50299312059081,266019,42.10668479382433,-0.025248695933978715,42.875198806270504,43.42697493049378
2024-11-18,42.3780863048427,42.022775523100954,42.75399056296855,41.11430875222978,479786,42.3780863048427,0.006445568259464851,42.85499405071147,43.39539828944673
2024-11-19,42.75271039838145,42.91014526268567,44.02864904491469,41.502968921584866,185182,42.75271039838145,0.008840042725005048,42.811911291034804,43.36786948785728
2024-11-20,43.20724296616802,42.776231718664334,44.27740505652019,42.66880872016508,305612,43.20724296616802,0.010631666707235699,42.78796320225405,43.35082830643782
2024-11-21,43.353163235331785,43.11224105667671,44.121973879204056,42.88060340424591,41150,43.353163235331785,0.0033772177798530034,42.76236047774425,43.33703149630897
2024-11-22,44.36146806647638,44.244515609288214,45.23269913726752,43.90982156574027,13524,44.36146806647638,0.02325792989247999,42.791534213108235,43.35029244670588
2024-11-25,45.359433953203755,45.284653246275326,46.10672243672944,44.81013787447815,424910,45.359433953203755,0.022496232208363942,42.89953519027444,43.35393466971861
2024-11-26,45.382226962717866,45.709577126920244,45.5101755088751,44.82254009379777,250613,45.382226962717866,0.0005024976620657817,43.0416884813389,43.36340162872871
2024-11-27,47.68964293731188,47.74308919933966,48.76555951498521,46.94692825802048,433966,47.68964293731188,0.05084404466289394,43.28611569821037,43.444170730913
2024-11-28,47.93934448322373,47.67260649147182,49.016248320165815,47.74959235852561,202903,47.93934448322373,0.005235970129616518,43.50376440446834,43.50631842863467
2024-11-29,48.947636027558936,48.58142366020965,50.30587551495512,48.83179655603599,213075,48.947636027558936,0.021032651889682397,43.77564598030339,43.56965817648319
2024-12-02,49.01452741592715,48.676011522856776,49.4202563093417,47.55141595410114,105073,49.01452741592715,0.0013665907855191506,44.056271534015615,43.62364134082206
2024-12-03,50.38884452347273,50.58835208482179,51.79120711606158,49.27975075720635,292214,50.38884452347273,0.028038974973346287,44.4228751301559,43.73745035384163
2024-12-04,49.664494101310424,49.57838049077683,49.8828108753765,49.11521152215193,176453,49.664494101310424,-0.01437521397865904,44.75820265875551,43.85813463473791
2024-12-05,49.72785110303832,49.472510771020026,50.26409969474535,48.42207070195488,441498,49.72785110303832,0.001275700132949087,45.10347611430366,43.98755861653162
2024-12-06,50.54380201223604,50.30984023383701,51.88939227243606,50.45587528563967,59179,50.54380201223604,0.016408328353200607,45.585711737272014,44.14407499411763
2024-12-09,50.41507039750382,50.09599037056391,51.54804263644654,49.942876274424705,287643,50.41507039750382,-0.0025469317622971444,46.05035737876197,44.28848460471692
2024-12-10,52.170067439884384,52.4379874817608,53.095352627582926,52.147330407337684,80955,52.170067439884384,0.03481096086037527,46.54753228666769,44.44158696731854
2024-12-11,50.65852496765189,50.819832381613566,51.68125929566684,49.89461524766571,145747,50.65852496765189,-0.028973366269350542,46.96290919691736,44.56018631907982
2024-12-12,50.54598149704474,50.97093001297962,51.998899007168056,49.96258302263878,147579,50.54598149704474,-0.0022216097029871262,47.33034017935551,44.68371040751847
2024-12-13,49.90637708330349,49.98558094219342,50.24465786054738,49.89952127200419,415509,49.90637708330349,-0.012653912235904397,47.72032479382948,44.81075655753985
2024-12-16,50.09318693182987,49.92385576374433,51.2775832005693,49.02122585883462,409045,50.09318693182987,0.003743205967737584,48.10607982517883,44.95224423849332
2024-12-17,50.28476117678172,49.85493076107869,51.63263458343859,48.83897184919374,180140,50.28476117678172,0.0038243572965832584,48.48268236409885,45.09688822147332
2024-12-18,50.9835788846256,51.17662470690064,52.47823297176426,50.29044889921893,253693,50.9835788846256,0.013897206459569489,48.87149916002173,45.24320872812693
2024-12-19,51.770585583891226,51.987818084090165,52.425722109460956,50.97810490984978,10398,51.770585583891226,0.015436474184101545,49.2923702774497,45.39809240268709
2024-12-20,52.71882074568727,53.20155661279785,53.89097436510025,52.66109501005696,370951,52.71882074568727,0.018316098825258198,49.71023791141024,45.61599986535609
2024-12-23,53.01198125530546,53.18025907796877,53.786966241748146,52.872420128032466,253644,53.01198125530546,0.005560832079920308,50.092865276515326,45.8227137804003
2024-12-24,53.24835294402924,53.549374886947504,54.46449360299133,52.53851137420042,158432,53.24835294402924,0.00445883521284407,50.4861715755809,46.048762888733606
2024-12-25,53.649394675265384,54.0270438435696,55.16203261841925,52.106741284307304,281438,53.649394675265384,0.007531533072162588,50.78415916247857,46.26007907788571
2024-12-26,53.78989444897128,53.33154828971143,54.12845610465872,52.1961067199942,203118,53.78989444897128,0.0026188510523992292,51.07668666076595,46.475096674509295
2024-12-27,53.173338817620994,52.832043135765005,53.48714648825161,52.31834006824365,315732,53.173338817620994,-0.011462294872788714,51.287971800269055,46.69268734932016
2024-12-30,54.04601023757273,54.0079413383178,54.07416786062556,53.03184149481145,419851,54.04601023757273,0.0164118229051764,51.539545941351335,46.917963925751145
2024-12-31,52.59952878244054,52.54557444694805,53.885360800649785,51.95092343565841,463071,52.59952878244054,-0.026763889670557095,51.65008015429972,47.097667189561655
2025-01-01,51.55960560798048,51.53544326793576,51.65024230362251,50.81890975105725,319368,51.55960560798048,-0.019770579671185562,51.74483572963322,47.2551352068856
2025-01-02,51.392044004224346,50.896754640584255,52.668932355280035,50.71860580290189,258516,51.392044004224346,-0.003249862014658156,51.82804537469252,47.40567173245954
2025-01-03,51.78653918743787,52.18999875646542,52.52775173290658,50.47553554234533,150731,51.78653918743787,0.007676191730787929,51.89018223345262,47.565842649024354
2025-01-06,50.729768935528924,50.748046878168644,51.12962230714194,49.885335110734715,438736,50.729768935528924,-0.020406272913585433,51.90591716035387,47.716449739537346
2025-01-07,51.50502908804084,51.73779731521421,53.004278958611465,50.85846849031058,375686,51.50502908804084,0.015282154221856858,51.8726652427617,47.895767098469584
2025-01-08,52.223878731016185,52.097231675325894,53.292704105460224,51.37357115897785,361628,52.223878731016185,0.013956882574448493,51.95093293092991,48.08422270109226
2025-01-09,53.36937724104896,53.66964706784443,54.12622142047482,52.71792003081351,132803,53.36937724104896,0.021934382084731086,52.09210271813013,48.279882838751945
2025-01-10,52.868996059760526,53.17537307924411,53.078220781931385,52.3387752925089,133272,52.868996059760526,-0.009375810758075809,52.240233666952975,48.467062669730005
2025-01-13,53.55712410280304,53.60468462544469,54.89544374602716,52.82523137497541,422093,53.55712410280304,0.013015719879845733,52.41343052550163,48.67016482495241
2025-01-14,54.97966218542566,54.947994175178344,56.58802336444434,54.76541070501738,184589,54.97966218542566,0.02656113647723246,52.64817557593383,48.908622616647584
2025-01-15,56.556811739432234,56.00137689285288,57.03221051990372,55.970965385778065,485952,56.556811739432234,0.02868605392094703,52.92683721867415,49.18059998084986
2025-01-16,55.99180210216477,56.42517380563238,57.19467190662232,55.88351115686922,199371,55.99180210216477,-0.009990125325143318,53.137898044587835,49.443988383051654
2025-01-17,56.137698885017535,55.75735998596542,56.531357706644435,55.608674884592475,347705,56.137698885017535,0.0026056811421528714,53.30884195155435,49.74876056969463
2025-01-20,56.41116780030622,56.53096554513073,56.993135226486345,56.30645314352613,137007,56.41116780030622,0.004871395171519355,53.4788012788044,50.05454077434665
2025-01-21,55.39285144495269,55.59993384941628,56.299637765162814,54.58626634863844,142425,55.39285144495269,-0.01805168010274727,53.58602620385055,50.317866417610304
2025-01-22,55.247916667548424,55.70624054784301,55.862585510763665,55.12039504258483,286009,55.247916667548424,-0.0026164888360783456,53.665952303464714,50.5758050157081
2025-01-23,55.182539993800965,55.65685735371472,55.24565478384612,54.2541860432566,62652,55.182539993800965,-0.0011833328329982074,53.7355845807062,50.81550857861849
2025-01-24,55.953779740871774,56.18238985952584,56.9993807970526,54.589714616622736,173872,55.953779740871774,0.013976155268631052,53.874606626868726,51.09245047755944
2025-01-27,56.23764884231946,56.618681941252035,57.76388970327623,56.22863904074599,229800,56.23764884231946,0.005073278387310198,53.98418855710607,51.36964172830898
2025-01-28,56.3674678137972,56.46767365037022,57.10335324971379,55.797737424023936,134557,56.3674678137972,0.0023083996957578012,54.17258550867391,51.641936876617294
2025-01-29,55.068760413108464,55.156082554003184,55.49830131746206,54.28911579557397,342825,55.068760413108464,-0.023040016716359357,54.348043248930296,51.8791672255561
2025-01-30,55.346225857088804,55.837909384330615,56.1684386007894,55.05700064404636,435101,55.346225857088804,0.005038527141320914,54.54575234157353,52.11902847799124
2025-01-31,54.48017807329986,54.2835796832771,55.25231635752911,53.844689882481426,414128,54.48017807329986,-0.015647820070427088,54.680434285866625,52.32140267812772
2025-02-03,53.47758483301484,53.54201360980259,54.39249198572556,53.197202677896,74640,53.47758483301484,-0.01840289947173246,54.81782508074092,52.48376569572394
2025-02-04,53.03578975425012,52.73129025473511,54.4114749954729,51.75666200780635,278514,53.03578975425012,-0.00826131322392809,54.89436311405139,52.63683695155458
2025-02-05,53.83250687588489,54.00071109338194,54.93608152333878,53.72362194365743,170652,53.83250687588489,0.015022254317819783,54.974794521294825,52.75969423032604
2025-02-06,53.353546929087884,53.69217728902961,54.8148228084862,53.08038406783805,372361,53.353546929087884,-0.008897225386536145,54.97400300569676,52.867978279243324
2025-02-07,53.58619018539812,53.67610805941024,53.64456010216211,52.87024256359965,190273,53.58619018539812,0.0043604084395634235,55.00986271197864,52.96074936240011
2025-02-10,53.283708038952035,53.188285982828866,53.87159119358511,53.05764880245634,448540,53.283708038952035,-0.00564477798103491,54.9961919087861,53.046132974860605
2025-02-11,52.862095563998224,52.72869643267169,53.190312738451645,52.0190968087331,427673,52.862095563998224,-0.007912596372714908,54.890313577714736,53.09559799567111
2025-02-12,51.92798989793657,51.66554125920344,53.483820549767124,51.18109845128906,163609,51.92798989793657,-0.017670613623910647,54.65887248563994,53.14086791160364
2025-02-13,51.14526005073058,51.086617683664265,52.46712321233056,50.8691774232861,318014,51.14526005073058,-0.015073370811087283,54.41654538306824,53.169216090557484
2025-02-14,50.3765358443934,50.271556925650835,50.992499379849306,50.26604785086696,184154,50.3765358443934,-0.015030214052576651,54.12848723103703,53.16587076720063
2025-02-17,49.079581081422496,49.018879343527736,49.21233592042456,49.04566180876237,291335,49.079581081422496,-0.025745215331539062,53.76190789509284,53.139160980879005
2025-02-18,49.005243832294354,48.804708607826605,49.408692872202785,47.59408436782117,416836,49.005243832294354,-0.0015146268058975343,53.442527514459925,53.0758645087272
2025-02-19,47.70069151133171,48.04522095281118,47.76314436621549,47.08572267857553,264668,47.70069151133171,-0.026620667890707383,53.06516625664908,53.016707839600805
2025-02-20,47.34397257222214,47.17416566727782,47.562793272077535,47.21741497519141,106815,47.34397257222214,-0.007478276054443067,52.673237885570146,52.95266766110434
2025-02-21,47.85998383490739,47.68137187857634,48.710136424530795,46.732376990132586,481879,47.85998383490739,0.010899196553438406,52.26854809027193,52.91173979613642
2025-02-24,47.7593041102254,47.64226000644193,47.96150752561569,46.79771856370263,445559,47.7593041102254,-0.0021036305617920803,51.84463085366722,52.865062139704335
2025-02-25,47.55300674020939,47.09750632952602,48.03488349420902,47.16814196057889,480890,47.55300674020939,-0.004319522109030083,51.403907799987834,52.81042705097289
2025-02-26,47.77926845355013,47.7901199077562,48.867444366759955,47.25152406044976,268681,47.77926845355013,0.004758094784139466,51.03943320200992,52.74634084235137
2025-02-27,49.27484471357359,49.42684545995833,50.24625881431407,48.41962963779256,365793,49.27484471357359,0.03130178230914993,50.73586414483415,52.69642602494502
2025-02-28,51.08831631944504,51.073212223430374,52.22487399055439,49.78599934555655,256440,51.08831631944504,0.036803192712485444,50.566271057141414,52.663815936420185
2025-03-03,51.42533583337723,51.014096148740414,51.511304379741816,50.857632765164524,363851,51.42533583337723,0.00659680213035152,50.46365860715953,52.632083027981615
2025-03-04,50.99969201884713,50.66201842138464,52.38200913100159,50.2391596124194,317249,50.99969201884713,-0.008276928242320625,50.36185372038939,52.58710980947797
2025-03-05,50.74153776662903,50.936782397134124,51.853603847154105,50.40940598231708,177599,50.74153776662903,-0.005061878650614138,50.207305264926596,52.52895267130525
2025-03-06,51.04997021427452,50.97885835564185,52.1781638897969,50.50750851381668,292906,51.04997021427452,0.006078500203601234,50.092126429185925,52.474154186611315
2025-03-07,50.85284478196883,51.0544644367667,51.7794830599031,50.58711693527461,80526,50.85284478196883,-0.003861421103250273,49.95545915901447,52.427744305898266
2025-03-10,52.42337752859372,52.089731989180265,53.06805506620172,50.94969881663711,141851,52.42337752859372,0.030883871951678188,49.912442633496546,52.395291651718686
2025-03-11,53.38314089719469,53.472646605370734,54.3232156737352,53.213038039533565,413383,53.38314089719469,0.0183079269945452,49.938494900156364,52.410963894013776
2025-03-12,53.270181749445086,53.6031006101673,54.45449730738996,52.16264626959145,293752,53.270181749445086,-0.002116007897833172,50.00560449273179,52.445175416843064
2025-03-13,53.050198120786554,52.559063010481026,53.53494685094666,52.12183788434427,407089,53.050198120786554,-0.0041295828441738625,50.100851396234596,52.478338499174306
2025-03-14,53.10246949116987,52.950131374006965,54.20782074272565,51.982189205483756,356830,53.10246949116987,0.0009853190418687152,50.23714807857341,52.50465710524895
2025-03-17,52.39448120864799,52.9040308058977,53.59730980459231,52.36463474044911,129898,52.39448120864799,-0.013332492618626901,50.40289308493469,52.537951350711324
2025-03-18,51.6907990763327,51.72691818673879,53.157725963111154,51.151323473235394,105232,51.6907990763327,-0.01343046282895799,50.53717084713661,52.54166675047717
2025-03-19,49.7310871325192,49.35629674643583,50.29060793283514,49.18803275746601,189319,49.7310871325192,-0.037912200601108226,50.63869062819598,52.49181091850723
2025-03-20,48.96702705043045,49.45040246368072,49.13558480275607,48.28563376858542,283491,48.96702705043045,-0.01536383228568372,50.719843352106395,52.40376391469486
2025-03-21,47.92336436523949,47.58703019214028,48.59687368951781,46.80206167490781,81803,47.92336436523949,-0.021313580751310623,50.723012378623004,52.304851280804435
2025-03-24,47.10227134079307,47.35544755617353,48.20523475638713,46.918970022702226,430394,47.10227134079307,-0.01713345954154244,50.690160740151384,52.17575422556424
2025-03-25,46.73350168101356,46.977097061464804,47.21676360301061,46.717497061412395,428664,46.73350168101356,-0.007829126903698524,50.64918548719159,52.01083101547599
2025-03-26,47.6927664125101,48.10650708642902,48.72583985419079,46.656431285469694,107475,47.6927664125101,0.020526275519522352,50.644860385139594,51.83355010893755
2025-03-27,47.987611591350856,47.66736755159661,48.93329866114098,47.706881333937396,139100,47.987611591350856,0.0061821781586444136,50.58049872902846,51.673466298721266
2025-03-28,48.75603967581272,48.62282293991984,48.8729971215209,48.37725082561412,454800,48.75603967581272,0.016013051264263556,50.463884896846835,51.52583311453718
2025-03-31,50.125437306518705,50.22487079346591,50.64927655164176,49.98575873578324,355759,50.125437306518705,0.02808672812253299,50.398889970503916,51.400118504661435
