Date,Close,High,Low,Open,Volume,Adj Close,Returns,SMA_20,SMA_50
2024-04-01,154.7501678466797,154.99897832063243,149.89338253554243,149.97300370954966,31730800,154.7501678466797,,,
2024-04-02,153.82456970214844,153.96390294626983,151.4260333268872,152.7696158272029,24586000,153.82456970214844,-0.005981241619384181,,
2024-04-03,154.18284606933594,154.3420883898699,152.0032642638509,152.8691348903896,24705000,154.18284606933594,0.002329123155561108,,
2024-04-04,149.81375122070312,154.03358204033015,149.73413005208545,152.7696206660751,34724700,149.81375122070312,-0.028337100786607783,,
2024-04-05,151.7743682861328,152.6899888823038,148.8881732587718,149.31611992588236,23449300,151.7743682861328,0.013087030058684945,,
2024-04-08,154.1132049560547,154.5312047063974,151.8838577680416,152.0530470584528,20702000,154.1132049560547,0.015409958192101225,,
2024-04-09,155.8548583984375,157.80552365250796,154.45156393780977,155.34727540542815,31113000,155.8548583984375,0.011301130509091983,,
2024-04-10,155.39706420898438,155.8648291004754,153.94400440401932,155.4667384289104,22838600,155.39706420898438,-0.002937310996637632,,
2024-04-11,158.6514892578125,158.92019359328873,155.7155291650152,156.16338491032602,27166400,158.6514892578125,0.02094264177636873,,
2024-04-12,156.9794921875,159.4576498521726,156.39230314278245,157.20840874623565,25329200,156.9794921875,-0.010538804760889864,,
2024-04-15,154.12315368652344,158.48231785442226,153.85443413456358,158.1041210913814,27136500,154.12315368652344,-0.01819561562579708,,
2024-04-16,153.66531372070312,154.9093658563506,152.699928048546,153.456321466177,20779500,153.66531372070312,-0.0029706111954569403,,
2024-04-17,154.73023986816406,156.33257973226392,153.84447529646815,154.8795200598381,21763100,154.73023986816406,0.006930166097187662,,
2024-04-18,155.26768493652344,156.1932678097861,153.88429928885304,154.6008746790608,19883000,155.26768493652344,0.0034734326581364883,,
2024-04-19,153.3568115234375,155.6160147529958,151.57533531126506,155.45677241386718,32239100,153.3568115234375,-0.012306961450910703,,
2024-04-22,155.53639221191406,156.88992171020138,153.32695413108942,153.5757645889644,26446200,155.53639221191406,0.014212480468423605,,
2024-04-23,157.50697326660156,158.21360167796144,155.53639861128644,156.21317098136774,21151600,157.50697326660156,0.01266958186867706,,
2024-04-24,158.37283325195312,158.8107420758396,156.42215263269097,156.74063729958468,22779100,158.37283325195312,0.00549728032603336,,
2024-04-25,155.25772094726562,155.74539489675468,150.15212564884374,150.60994355919925,57109700,155.25772094726562,-0.019669486494137023,,
2024-04-26,171.13182067871094,173.8786977049699,168.84276155222324,173.54030395897186,64665300,171.13182067871094,0.10224354469841179,155.71453781127929,
2024-04-29,165.3594207763672,168.74325204452023,164.4239062306873,168.25557809024173,45610000,165.3594207763672,-0.033730722196785745,156.24500045776367,
2024-04-30,162.00546264648438,167.3001564313842,161.82632640780892,164.8219988264117,33562900,162.00546264648438,-0.020282836708884755,156.65404510498047,
2024-05-01,163.080322265625,166.3248050727695,162.31398182603573,163.51823108824746,33493200,163.080322265625,0.006634712197860271,157.09891891479492,
2024-05-02,165.8271942138672,165.93667142615246,163.1101881822967,164.0058997837683,24294500,165.8271942138672,0.016843675006774195,157.89959106445312,
2024-05-03,166.44424438476562,167.16081969689057,162.27417880581723,166.7627138644963,34662400,166.44424438476562,0.003721043305494387,158.63308486938476,
2024-05-06,167.30015563964844,167.3399586304374,165.2399977875199,166.66320148373052,21871300,167.30015563964844,0.005142330142123841,159.29243240356445,
2024-05-07,170.43515014648438,170.94271797332505,167.58875812637166,167.69823532661383,28039700,170.43515014648438,0.01873874232124728,160.0214469909668,
2024-05-08,168.5740509033203,169.34037610962505,167.93709679670465,168.1958541822666,19569100,168.5740509033203,-0.010919691399130405,160.6802963256836,
2024-05-09,169.15130615234375,169.87782842770906,167.37976174414283,168.58401102643612,15346700,169.15130615234375,0.00342434227527999,161.20528717041014,
2024-05-10,167.84751892089844,169.0418211972959,165.39923266388908,167.2304738812949,29799900,167.84751892089844,-0.007707816517071864,161.7486885070801,
2024-05-13,168.33518981933594,168.47452305757707,163.2196478065062,163.47840519575857,31327600,168.33518981933594,0.002905440018254435,162.45929031372071,
2024-05-14,169.52947998046875,170.43515363864887,167.99681433185833,168.9622000666333,25127100,169.52947998046875,0.007094714791450185,163.25249862670898,
2024-05-15,171.68914794921875,171.82848118606026,169.69866445937762,169.81810379537313,26948400,171.68914794921875,0.012739188305177507,164.1004440307617,
2024-05-16,173.35121154785156,174.28674128104558,171.86831096693263,172.46544694250113,27867900,173.35121154785156,0.009680656107189822,165.00462036132814,
2024-05-17,175.22227478027344,175.43128224723478,172.86355649440316,173.3512152736709,24479300,175.22227478027344,0.01079348229363486,166.09789352416993,
2024-05-20,176.0781707763672,177.9193741112275,175.24217134065958,175.3516485419678,22554400,176.0781707763672,0.004884630091505304,167.12498245239257,
2024-05-21,177.00376892089844,177.30232932665308,174.97346704465423,176.05827701539062,16989400,177.00376892089844,0.005256745571867727,168.0998222351074,
2024-05-22,175.54075622558594,176.30708148924128,174.37632512413728,175.79951363051288,17880000,175.54075622558594,-0.008265432449443,168.95821838378907,
2024-05-23,172.72421264648438,177.40184593977742,172.12706150853876,176.22746793765114,21024900,172.72421264648438,-0.01604495525518901,169.83154296875,
2024-05-24,174.15736389160156,174.93365126217552,172.82372836993727,174.14740175468117,16572500,174.15736389160156,0.008297338416880962,169.98282012939453,
2024-05-28,175.56063842773438,176.42650907586395,173.54029889240527,173.61992005465763,20572200,175.56063842773438,0.008057509052595835,170.49288101196288,
2024-05-29,175.06301879882812,175.99854847921964,173.88864081616407,174.59525395863238,23388700,175.06301879882812,-0.0028344601236517386,171.14575881958007,
2024-05-30,171.2910614013672,174.3862639091637,170.97257674604643,174.36635482166008,22958700,171.2910614013672,-0.021546283294677115,171.5562957763672,
2024-05-31,171.67919921875,172.23653216033742,168.63376194065896,171.0422451160524,37638900,171.67919921875,0.0022659548852541622,171.84889602661133,
2024-06-03,172.3460235595703,173.69955303760383,170.3455929752159,171.71901635552842,27459100,172.3460235595703,0.0038841300743175378,172.14398498535155,
2024-06-04,172.9630584716797,173.02278573356492,171.0721052056168,172.4554906420356,26879600,172.9630584716797,0.0035802097394843635,172.42713012695313,
2024-06-05,174.5753631591797,175.80945323933747,173.10239440013726,174.36635570479385,22068500,174.5753631591797,0.009321670776098134,172.6341407775879,
2024-06-06,175.8890838623047,176.30708360737074,174.9137511238172,175.06303132341756,23251000,175.8890838623047,0.007525235401785402,172.9998924255371,
2024-06-07,173.6298828125,177.02364564681855,173.47064048742553,176.2075553066339,19661400,173.6298828125,-0.012844464250966858,173.22382125854492,
2024-06-10,174.3771514892578,176.41974164942064,172.13528757767702,174.3373028204193,23779200,174.3771514892578,0.004303802229508991,173.5503028869629,165.02643280029298
2024-06-11,175.98133850097656,176.20054419886765,173.14165320239113,175.58279097950916,21540600,175.98133850097656,0.009199525270474185,173.93261032104493,165.4510562133789
2024-06-12,177.14710998535156,179.75764648213246,175.47319211286342,177.60545332869307,27864700,177.14710998535156,0.006624404009567986,174.31349182128906,165.91750701904297
2024-06-13,174.52662658691406,176.10091514486052,174.24764028080844,175.4731883543162,20913300,174.52662658691406,-0.014792696300008457,174.45536575317382,166.32438262939453
2024-06-14,176.15074157714844,176.41976954609018,173.5202881130933,173.59004229910659,18063600,176.15074157714844,0.009305829270845223,174.59534225463867,166.85112243652344
2024-06-17,176.59912109375,177.71506640628968,174.1778998559042,174.82555863477174,19618500,176.59912109375,0.0025454307633736573,174.6641845703125,167.3476174926758
2024-06-18,174.4568634033203,176.74854954541945,173.47045301608333,176.49945355613937,21869900,174.4568634033203,-0.012130624870394735,174.58311920166017,167.7544906616211
2024-06-20,175.66249084472656,176.6489012104213,174.35723032198266,174.73584587896318,20160100,175.66249084472656,0.006910748123557742,174.51605529785155,168.15064331054688
2024-06-21,178.98046875,180.19605848680078,175.9713847127052,176.3599738775111,58582700,178.98046875,0.018888368765112684,174.68804092407225,168.6223114013672
2024-06-24,178.5719451904297,180.23590467855502,178.02393093898397,179.50854860133447,18298000,178.5719451904297,-0.002282503573844963,174.98042755126954,169.02072052001952
2024-06-25,183.3645477294922,183.6236020982057,178.77121684563144,178.97049060645827,23235600,183.3645477294922,0.026838496573197146,175.44078674316407,169.54842163085937
2024-06-26,183.21510314941406,183.84281475961373,181.82015636356306,181.96962309255457,19839000,183.21510314941406,-0.0008150134904953976,175.82350997924806,170.13026062011718
2024-06-27,184.73956298828125,185.37724814669312,183.35458982218609,183.51399970907897,18848900,184.73956298828125,0.008320601373261072,176.3073371887207,170.75174560546876
2024-06-28,181.4913330078125,184.46056816789698,181.30203282563852,183.65349958942755,29156600,181.4913330078125,-0.017582752324009743,176.81735076904297,171.2869674682617
2024-07-01,182.32830810546875,183.2150892304388,180.64441676394287,182.36815677467078,16006100,182.32830810546875,0.004611653260711002,177.3498062133789,171.82817993164062
2024-07-02,184.5701904296875,184.89899899691764,180.9034891495935,181.39172281674388,17372500,184.5701904296875,0.01229585437123637,177.96101455688478,172.45244750976562
2024-07-03,185.1480712890625,185.41708400664015,183.33464521797683,184.18157764961353,10242100,185.1480712890625,0.0031309544516895382,178.5702651977539,173.0446810913086
2024-07-05,189.9108123779297,190.16986676631305,185.1281657368756,185.1879463493014,20967500,189.9108123779297,0.02572395734779942,179.3370376586914,173.69275787353516
2024-07-08,188.34646606445312,189.48234321486567,187.10098606603526,189.2133152781957,21035900,188.34646606445312,-0.008237268293937117,179.95990676879882,174.29223052978514
2024-07-09,188.29664611816406,190.6680449292031,188.03759174863737,189.62183867706156,15121400,188.29664611816406,-0.0002645122434737912,180.69324493408203,174.95300903320313
2024-07-10,190.48867797851562,191.05662413286367,188.34645854817109,188.46601975809165,15952500,190.48867797851562,0.011641374955642991,181.49882125854492,175.34014617919922
2024-07-11,184.89898681640625,190.16985150502285,184.41075318141904,189.16350913484757,25625800,184.89898681640625,-0.02934395482937735,181.9447036743164,175.7309375
2024-07-12,184.4008026123047,186.4334193756876,183.8228980414375,184.4107609794594,22898400,184.4008026123047,-0.0026943587559851156,182.30738830566406,176.1788442993164
2024-07-15,185.8555145263672,187.55933793133792,184.25133560725024,184.25133560725024,16474000,185.8555145263672,0.007888858906547114,182.87383270263672,176.63434814453126
2024-07-16,183.25494384765625,187.99772622450305,182.70692960576108,186.68250724756794,18290700,183.25494384765625,-0.013992432160747081,183.22904281616212,176.98290313720702
2024-07-17,180.3654327392578,182.88628299827582,179.24947234058598,182.3083784640881,20734100,180.3654327392578,-0.015767711624743663,183.4173583984375,177.26132690429688
2024-07-18,177.0474853515625,181.84009022857012,175.83189558689608,181.27214401888858,25315700,177.0474853515625,-0.018395694437147725,183.5468894958496,177.45627349853515
2024-07-19,177.017578125,179.63805760345338,176.4894958420638,178.2331677734678,18881900,177.017578125,-0.00016892206349672367,183.6146438598633,177.58792205810548
2024-07-22,181.01307678222656,182.0393510707807,179.5782814108386,179.9369802536856,24100300,181.01307678222656,0.02257119716328493,183.7162742614746,177.8367025756836
2024-07-23,181.1326446533203,182.94607087092996,180.88354864784296,181.39171422932947,36352700,181.1326446533203,0.0006605482499897342,183.84430923461915,178.07632934570313
2024-07-24,172.0057830810547,175.5529078595556,171.1987144347076,172.97227682395808,49585200,172.0057830810547,-0.050387723260674644,183.27637100219727,178.15949462890626
2024-07-25,166.6751251220703,172.7929226710128,166.58545420511723,171.8961830942536,44852000,166.6751251220703,-0.030991155433840234,182.4493721008301,178.12629333496093
2024-07-26,166.39613342285156,167.48218836937892,163.4667619348052,166.54558494627688,41336900,166.39613342285156,-0.0016738652454253433,181.5322006225586,178.0636264038086
2024-07-29,168.9169921875,169.8137317797604,167.38256739097093,168.2195263708959,20293800,168.9169921875,0.01514974364363586,180.90348358154296,178.00818328857423
2024-07-30,169.67422485351562,170.6108282471045,167.83092357369438,169.62441781635252,18959700,169.67422485351562,0.004482868515531591,180.27077941894532,177.9346435546875
2024-07-31,170.91969299316406,173.61990013827557,169.39522679360476,172.61355784032972,25729100,170.91969299316406,0.007340349665505563,179.58825454711913,177.84859191894532
2024-08-01,170.1425323486328,173.42064433790932,168.2693407012315,169.63438196406787,24531400,170.1425323486328,-0.004546934475024633,178.83797760009764,177.72987915039062
2024-08-02,166.057373046875,167.90067445744558,164.0745632707895,165.83816733480066,29130100,166.057373046875,-0.02401021805286796,177.64530563354492,177.51095123291014
2024-08-05,158.67416381835938,163.83542602504582,154.36977732002595,154.93772354006205,53630700,158.67416381835938,-0.04446179710690401,176.16169052124025,177.17361938476563
2024-08-06,157.71763610839844,159.98940589570805,155.84444429599301,158.75388411013478,49004600,157.71763610839844,-0.006028251146518837,174.63274002075195,176.8734878540039
2024-08-07,158.3652801513672,162.3906649427379,157.89697844100593,160.66692482795222,25138600,158.3652801513672,0.004106351445209544,173.02657012939454,176.55764617919922
2024-08-08,161.44410705566406,163.09810823419537,159.6306959832372,159.92959903655023,25578800,161.44410705566406,0.019441299894485065,171.85382614135742,176.2753155517578
2024-08-09,163.0781707763672,163.1977319936456,158.48483983468753,159.43140161323996,28602300,163.0781707763672,0.010121544542593508,170.78769454956054,176.0356185913086
2024-08-12,161.70315551757812,164.30371841151174,161.25478575040617,163.75571936475353,15895300,161.70315551757812,-0.008431632831316538,169.5800765991211,175.84386047363282
2024-08-13,163.56639099121094,164.13432193027123,162.38069167183113,162.81910303734423,18551700,163.56639099121094,0.011522567185958676,168.59564895629882,175.68160430908202
2024-08-14,159.7900848388672,162.62978510037354,157.1397151588883,161.8127429859203,40591100,159.7900848388672,-0.023087298860477223,167.5668815612793,175.43048553466798
2024-08-15,160.71676635742188,161.0555333193891,159.0328747121638,159.91965599708712,31524300,160.71676635742188,0.005799368086506496,166.75034561157227,175.1855596923828
2024-08-16,162.37075805664062,164.4631555242534,160.5473733468258,160.8861402886848,24208600,162.37075805664062,0.010291345058177637,166.01800460815429,174.94146759033202
2024-08-19,166.0673370361328,166.0872689752546,163.66604769305533,164.68236373765842,22416200,166.0673370361328,0.022766285159564914,165.2707176208496,174.7450326538086
2024-08-20,166.57546997070312,168.0301973015893,166.21678632585224,166.2964836667436,18341500,166.57546997070312,0.0030598005823370134,164.54285888671876,174.60394439697265
2024-08-21,165.2502899169922,166.2466739015297,164.07454890935912,164.5528089649255,22902000,165.2502899169922,-0.007955433377699661,164.20508422851563,174.42140716552734
2024-08-22,163.20770263671875,166.98399131629145,162.71946900223335,166.65518277106005,22493300,163.20770263671875,-0.012360566999909395,164.03171310424804,174.16593444824218
2024-08-23,165.02113342285156,165.57910609860116,163.23761253403663,164.12439379448475,13955700,165.02113342285156,0.011111183827942739,163.96296310424805,173.9234149169922
2024-08-26,165.55917358398438,166.9441467734434,163.8653237787171,165.77837928622512,14190400,165.55917358398438,0.0032604318608946414,163.79507217407226,173.7440658569336
2024-08-27,164.08450317382812,165.83814867308575,163.8653126900336,165.2403122158638,11821900,164.08450317382812,-0.008907210505059604,163.51558609008788,173.5027410888672
2024-08-28,162.26113891601562,165.0011948895807,160.9459047509701,164.44320708392877,16407400,162.26113891601562,-0.011112348957663998,163.08265838623046,173.2159814453125
2024-08-29,161.19500732421875,165.36985884682494,159.67054097302747,163.71585770644296,19699800,161.19500732421875,-0.006570467820694259,162.63528213500976,172.95074432373048
2024-08-30,162.7892303466797,163.06821666334946,161.10533887588517,162.03196874119254,22123800,162.7892303466797,0.0098900272962823,162.471875,172.69327911376953
2024-09-03,156.79098510742188,161.26475469105404,155.91416233200027,161.1352199073359,38945300,156.79098510742188,-0.03684669573339594,162.37771606445312,172.24948944091796
2024-09-04,155.88427734375,158.42505964289654,155.3960589028362,156.09352467815137,19353800,155.88427734375,-0.005782907499756185,162.2860481262207,171.79573608398437
2024-09-05,156.6714324951172,158.87343271753585,155.41597886981896,155.73482906151818,18688700,156.6714324951172,0.005049612217346233,162.20135574340821,171.26187377929688
2024-09-06,150.374267578125,157.25928448946016,150.00561037278717,156.73120219936595,37912100,150.374267578125,-0.04019344699097227,161.64786376953126,170.6050570678711
2024-09-09,148.36888122558594,153.04811005909767,146.8822936520537,152.16015223667844,39260500,148.36888122558594,-0.01333596754841837,160.9123992919922,169.8776434326172
2024-09-10,148.31900024414062,150.92301391041104,147.9997269680091,150.10488755816476,31118800,148.31900024414062,-0.00033619571053766784,160.24319152832032,169.21419677734374
2024-09-11,150.81326293945312,151.15247937146228,147.18161321895167,149.57610185215293,29607700,150.81326293945312,0.01681687909982421,159.60553512573242,168.58389587402343
2024-09-12,154.33517456054688,154.46488123819847,152.29984538660895,153.4472166512295,29695000,154.33517456054688,0.02335279770790244,159.3327896118164,167.97919555664063
2024-09-13,157.0988311767578,158.0167190902818,154.8539921377882,155.07347350460154,29591200,157.0988311767578,0.01790684867581316,159.1518928527832,167.41821075439452
2024-09-16,157.6974334716797,157.88700007819574,156.2407910010188,156.949153850456,18379800,157.6974334716797,0.0038103548603003468,158.91822662353516,166.77394317626954
2024-09-17,158.95455932617188,160.18173369132347,158.01671306098063,158.65524442097214,20715600,158.95455932617188,0.007971758492302694,158.5625877380371,166.1861050415039
2024-09-18,159.4434356689453,160.1318554271487,158.23621961441162,159.4933240269204,23677300,159.4434356689453,0.0030755729489349015,158.20598602294922,165.60904083251953
2024-09-19,161.76808166503906,163.41429079540828,160.96991366518583,163.3344876968325,26587700,161.76808166503906,0.014579753542945717,158.03187561035156,165.03462890625
2024-09-20,163.21475219726562,163.35443045510996,161.68826294232812,163.12496229374892,40896400,163.21475219726562,0.008942867575212343,158.0322280883789,164.6009442138672
2024-09-23,161.47874450683594,165.1103942398001,161.29914948564644,163.97300985155823,24150900,161.47874450683594,-0.010636340570069902,157.85510864257813,164.1425030517578
2024-09-24,161.917724609375,162.84559924653018,160.32140390143587,162.65603264196153,23332100,161.917724609375,0.0027185008397219157,157.67303619384765,163.66374725341797
2024-09-25,161.11956787109375,162.43653204188453,160.93000127122684,161.09960948590057,18869200,161.11956787109375,-0.004929396952722764,157.52478942871093,163.22103973388673
2024-09-26,162.35671997070312,163.70362938299246,161.90775524120266,163.26463623457852,20319300,162.35671997070312,0.007678472056225738,157.52956848144532,162.86086547851562
2024-09-27,163.5739288330078,165.31991468714682,162.25696456225583,162.4365443712631,21101300,163.5739288330078,0.007497126466488924,157.64851455688478,162.59139434814452
2024-09-30,165.46957397460938,165.76887364583845,162.88550343062403,162.9453785886578,20413900,165.46957397460938,0.011588919793794394,157.78253173828125,162.36043426513672
2024-10-01,166.60696411132812,168.7719847422779,164.2024885113937,167.30535540779766,28338100,166.60696411132812,0.006873711640142943,158.27333068847656,162.07231201171874
2024-10-02,165.47955322265625,167.13574919120185,164.3521403294987,166.03826626655388,17760200,165.47955322265625,-0.006766889335541371,158.7530944824219,161.75925018310548
2024-10-03,165.47955322265625,166.25776285148348,163.54400073216186,164.0328822574666,15073100,165.47955322265625,0.0,159.19350051879883,161.6287255859375
2024-10-04,166.6768035888672,167.84411807380985,165.10042588796134,167.67450983826666,19047400,166.6768035888672,0.00723503504145917,160.00862731933594,161.62875915527343
2024-10-07,162.6061553955078,168.09353960289477,162.37668722767793,167.3352883566198,22463100,162.6061553955078,-0.024422403752115573,160.72049102783203,161.55295959472656
2024-10-08,164.00294494628906,164.35213297119705,162.49639888774195,163.5639517960843,23072700,164.00294494628906,0.008590016456534677,161.50468826293945,161.45467864990235
2024-10-09,161.4887237548828,164.46188392429227,159.37359151374716,163.07507293573457,31181800,161.4887237548828,-0.015330341733983288,162.03846130371093,161.2909686279297
2024-10-10,161.70822143554688,162.69595604624766,160.0320671165202,160.50099024469034,14144100,161.70822143554688,0.001359213668672199,162.40711364746093,161.10673919677734
2024-10-11,162.8655548095703,163.52402928799188,160.87014254138842,161.75810039177787,15344300,162.8655548095703,0.00715692352404429,162.69544982910156,160.9611996459961
2024-10-14,164.5816192626953,165.84869515872447,163.02518482340258,163.26463978878337,19016100,164.5816192626953,0.01053669362518983,163.03965911865234,160.9316845703125
2024-10-15,165.08047485351562,167.29536861569628,164.25237687914083,165.40970450318616,20247200,165.08047485351562,0.0030310528785360003,163.34595489501953,161.05981079101562
2024-10-16,164.78115844726562,165.41968980167007,163.36441748042412,164.1525986742248,16406000,164.78115844726562,-0.001813154502466774,163.61284103393555,161.20108123779298
2024-10-17,162.55625915527344,165.9883708197769,162.3866509330354,165.3498394792033,21453400,162.55625915527344,-0.013502146197765796,163.65224990844726,161.2849008178711
2024-10-18,163.04515075683594,164.3322003226238,162.7059342913527,162.81568258592537,19757700,163.04515075683594,0.003007522467009416,163.64376983642578,161.31692169189452
2024-10-21,163.69366455078125,164.12267091200812,162.24697837282997,162.57622324771475,20946500,163.69366455078125,0.003977510468327283,163.75451583862304,161.3292315673828
2024-10-22,164.76119995117188,165.38975972379467,162.60615092256947,162.60615092256947,16568100,164.76119995117188,0.006521543783140515,163.89668960571288,161.39039245605468
2024-10-23,162.4066162109375,165.43965162521155,161.5585598399715,164.38207025094962,18280500,162.4066162109375,-0.014290887301938615,163.96104202270507,161.3671969604492
2024-10-24,162.34674072265625,162.95534206352698,160.64065656258018,162.45648900457678,22412500,162.34674072265625,-0.00036867641034699083,163.96054306030274,161.418330078125
2024-10-25,164.89089965820312,165.21015770980458,163.04513719135548,163.29456372883286,19828900,164.89089965820312,0.015671142667983418,164.0263916015625,161.50181274414064
2024-10-28,166.3375701904297,168.3629124526984,163.5739198981752,168.3629124526984,32138600,166.3375701904297,0.008773501358930735,164.0697914123535,161.5811489868164
2024-10-29,169.290771484375,169.98917796535144,166.70671622088258,167.34524754513916,42169000,169.290771484375,0.017754264959890742,164.20398178100587,161.64561767578124
2024-10-30,174.059814453125,181.6024702004282,173.660722875302,180.26553244445503,68890800,174.059814453125,0.02817072027573686,164.63299484252929,161.7953045654297
2024-10-31,170.71751403808594,176.41442332366287,170.60776574356834,172.73288489023227,44769000,170.71751403808594,-0.019202022164278243,164.89489288330077,161.90464904785156
2024-11-01,170.89707946777344,171.924730806551,168.49261922011235,169.67989197256162,31796500,170.89707946777344,0.0010518278144997506,165.10590667724608,162.05843658447264
2024-11-04,168.85179138183594,170.33836377636248,167.6246018774653,169.54019582543023,21492700,168.85179138183594,-0.011967952245334756,165.4181884765625,162.13504974365233
2024-11-05,169.3506622314453,170.1388434605921,168.45271748343447,169.04136050984187,18242100,169.3506622314453,0.0029544895291115925,165.68557434082032,162.21087951660155
2024-11-06,176.10511779785156,176.53413938489027,173.1020275837351,173.40134249175,33695500,176.10511779785156,0.039884435510356475,166.41639404296876,162.45129180908202
2024-11-07,180.3354034423828,180.66464832946426,176.78357165271254,177.00306824410018,25352900,180.3354034423828,0.02402136688263168,167.34775314331054,162.81277709960938
2024-11-08,177.94090270996094,180.48504128160124,177.6715177795822,180.23561473741785,22006200,177.94090270996094,-0.013278040177989281,168.10152053833008,163.14769500732422
2024-11-11,179.9363250732422,180.13586327493155,178.06063248502642,178.17038077952392,17450400,179.9363250732422,0.011213961112323645,168.86925582885743,163.49063690185548
2024-11-12,181.20338439941406,182.07139909398467,178.9785039683493,179.40752552521292,25134900,181.20338439941406,0.0070417094805961256,169.67540130615234,163.9788848876953
2024-11-13,178.46969604492188,180.54492683890805,178.130464355215,180.04607372180914,23184000,178.46969604492188,-0.015086298545431753,170.35982818603514,164.43059326171874
2024-11-14,175.17724609375,178.40981947170926,173.9201418364374,177.8710496301556,31007500,175.17724609375,-0.01844822972267035,170.990877532959,164.80070953369142
2024-11-15,172.09434509277344,173.7405542062273,170.8272539769183,173.3314910172349,32504600,172.09434509277344,-0.017598752519072502,171.44333724975587,165.23511108398438
2024-11-18,174.89788818359375,175.03756643328137,172.5033843297936,173.02219578168507,20206600,174.89788818359375,0.01629073337249376,172.0035484313965,165.76569122314453
2024-11-19,177.71142578125,178.45970544097182,173.16188788594766,173.32152453373092,23434900,177.71142578125,0.016086744253325902,172.65105972290038,166.35353973388672
2024-11-20,175.57632446289062,177.27242187746617,173.38137397204065,176.9332054393086,18997100,175.57632446289062,-0.012014429060895226,173.30954513549804,166.84880096435546
2024-11-21,167.24549865722656,173.73058909215166,163.32450529327863,173.50110570024947,59734400,167.24549865722656,-0.047448457707205516,173.55448303222656,167.10700744628906
2024-11-22,164.38206481933594,166.0781775052239,163.52403689515066,165.4695761261647,38604600,164.38206481933594,-0.017121141441057808,173.5290412902832,167.2526721191406
2024-11-25,167.2654266357422,168.2431896044489,165.2301128286344,165.70900750846198,33135300,167.2654266357422,0.017540610769035014,173.57543411254883,167.44403198242188
2024-11-26,168.73207092285156,169.43047745533647,167.19561004372002,167.24549839943876,20486700,168.73207092285156,0.008768364847466792,173.54749908447266,167.63958221435547
2024-11-27,168.84181213378906,169.09123867813173,167.6345961844918,168.61234397565445,19266500,168.84181213378906,0.0006503873883445532,173.28659896850587,167.82754974365236
2024-11-29,168.5624542236328,169.0413489221372,166.7765668794217,168.1134894922982,14257200,168.5624542236328,-0.0016545540860156693,173.1788459777832,167.96343719482422
2024-12-02,171.0966339111328,171.6852768885628,168.18333376692627,168.38287195306333,23789100,171.0966339111328,0.015034069711264975,173.18882369995117,168.12107482910156
2024-12-03,170.94696044921875,172.28388297677475,170.4580942007859,171.0966254993042,22248700,170.94696044921875,-0.0008747890504485767,173.2935821533203,168.3104391479492
2024-12-04,173.9700164794922,174.50878632573773,170.6676115592613,170.75740145903967,31615100,173.9700164794922,0.017684175385917156,173.52454986572266,168.55148498535155
2024-12-05,172.24398803710938,175.65614122166315,171.93470156837253,174.95774996584004,21356200,172.24398803710938,-0.009921413340707952,173.33149337768555,168.77397338867186
2024-12-06,174.30926513671875,174.6784115765489,171.4657962428472,171.6354044780067,21462400,174.30926513671875,0.011990416171532292,173.03018646240236,169.0130242919922
2024-12-09,175.1682586669922,176.05723424799297,173.45023604553785,173.75989224042516,25389600,175.1682586669922,0.0049279854952040125,172.8915542602539,169.24491088867188
2024-12-10,184.9569854736328,186.14561898038454,180.8417298459591,182.6396622409938,54813000,184.9569854736328,0.05588185257495604,173.14258728027343,169.63465911865234
2024-12-11,195.1752166748047,195.3849818086967,184.637364997593,185.0968273042346,67894100,195.1752166748047,0.05524652759129545,173.84117889404297,170.20602416992188
2024-12-12,191.7391815185547,194.9554633024938,191.48946911126617,194.77567768503926,34817500,191.7391815185547,-0.01760487430110058,174.5046531677246,170.73121673583984
2024-12-13,189.6016387939453,192.50827955283287,189.42183794011777,190.7902570178538,25143500,189.6016387939453,-0.011148179040299744,175.2258728027344,171.21365844726563
2024-12-16,196.43377685546875,198.77108139081074,192.39841571324646,192.648128127054,44934900,196.43377685546875,0.03603417198808301,176.44284439086914,171.80879791259767
2024-12-17,195.1951904296875,201.18828813489583,194.7556941593745,197.02308705872431,43504000,195.1951904296875,-0.006305363800506503,177.45770950317382,172.46057861328126
2024-12-18,188.18325805664062,196.77337069091053,187.52402890568504,194.99541962680925,34166100,188.18325805664062,-0.035922669803550744,177.98130111694337,172.94418487548828
2024-12-19,188.2931365966797,192.8079411518366,188.16329650997008,191.40955777871685,32265200,188.2931365966797,0.0005838911557476401,178.6171417236328,173.4802731323242
2024-12-20,191.18980407714844,192.66809720587494,185.00692266360085,185.56627599656574,63462900,191.18980407714844,0.015383818724489018,179.8143569946289,174.06990478515624
2024-12-23,194.40611267089844,194.87557322669755,189.93125525567427,192.3984151157297,25675000,194.40611267089844,0.016822594747009534,181.31555938720703,174.7007159423828
2024-12-24,195.8843994140625,195.8843994140625,193.55707797257898,194.61585613024195,10403300,195.8843994140625,0.00760411657254112,182.74650802612305,175.32677154541017
2024-12-26,195.375,196.52367101490134,194.1564021929594,194.92550545907343,12046600,195.375,-0.002600510380541987,184.07865447998046,175.93266204833984
2024-12-27,192.5382537841797,195.09532170060632,190.43068040496257,194.72573696465102,18891400,192.5382537841797,-0.014519494386796228,185.2634765625,176.48780395507814
2024-12-30,191.02000427246094,192.32849481864238,188.90243274221342,189.58165840021294,14264700,191.02000427246094,-0.007885443447620433,186.3863540649414,177.05707885742189
2024-12-31,189.08224487304688,191.73918864322025,188.29314510160168,190.8601960597075,17466900,189.08224487304688,-0.010144274715071955,187.2856346130371,177.5778207397461
2025-01-02,189.2120819091797,191.7791328258186,187.2843094002135,190.43067970164262,20370800,189.2120819091797,0.0006866696353218238,188.19889068603516,178.08818908691407
2025-01-03,191.56936645507812,192.9877463613902,189.76145103861666,191.14985143368122,18596200,191.56936645507812,0.012458425075783097,189.07885818481446,178.6243524169922
2025-01-06,196.64352416992188,197.99197728329852,193.6270092243641,193.75684931380115,29563600,196.64352416992188,0.026487312709433608,190.29883499145507,179.30909057617188
2025-01-07,195.26512145996094,200.7687774852745,194.37614589069548,196.8832529983184,26487200,195.26512145996094,-0.007009652190579363,191.34662780761718,179.96745819091797
2025-01-08,193.7268829345703,196.06418741382137,192.1586969389352,192.3484808074723,24864800,193.7268829345703,-0.007877692205804587,192.2745590209961,180.54417785644532
2025-01-10,191.81907653808594,196.29393386115163,190.09107094303815,194.07648645979594,26665200,191.81907653808594,-0.009847917684861152,192.61766357421874,181.05380798339843
2025-01-13,190.79026794433594,190.96007055747594,187.14447278422705,189.8513620671916,21823700,190.79026794433594,-0.005363432106533672,192.3984161376953,181.48379791259765
2025-01-14,189.4418182373047,191.75914137705388,188.0933651847724,191.02000242961614,17174900,189.4418182373047,-0.007067706972478605,192.2835479736328,181.79143798828125
2025-01-15,195.32504272460938,196.1341084636535,191.6392852545324,192.8678659974796,21776000,195.32504272460938,0.031055574434653455,192.56971817016603,182.28358856201172
2025-01-16,192.68807983398438,195.2551153784116,192.58818877757312,193.91666057341888,17815400,192.68807983398438,-0.01350038302227774,192.3824333190918,182.71940856933594
2025-01-17,195.77452087402344,197.00310160992169,193.52710928235737,196.3039099407615,27735100,195.77452087402344,0.01601780993768931,192.4113998413086,183.2578631591797
2025-01-21,197.82217407226562,202.05728678766425,197.6423732117847,198.84100497169504,29971300,197.82217407226562,0.010459242546479341,192.89334564208986,183.8272933959961
2025-01-22,198.1417999267578,200.24937329507208,197.30276987978317,198.83100862292844,26200600,198.1417999267578,0.0016157230906552744,193.38577880859376,184.26802703857422
2025-01-23,197.7522430419922,200.06958147081755,194.97544232412307,197.91206263871854,26951400,197.7522430419922,-0.001966051004430258,193.71390075683593,184.6163638305664
2025-01-24,199.9796905517578,200.66888399183227,197.77222616967978,197.87211722888603,23877500,199.9796905517578,0.011263829302267991,193.9925796508789,185.05713958740233
2025-01-27,191.58934020996094,196.65351502081776,190.5105808080997,192.18865606918456,41728900,191.58934020996094,-0.041956012226278205,193.77782669067383,185.2901998901367
2025-01-28,195.07533264160156,195.2551182563093,190.4606370613745,192.52826307792662,24157900,195.07533264160156,0.01819512728537176,193.7628433227539,185.56763885498046
2025-01-29,195.18521118164062,196.5636133163606,193.20747792712066,195.33503253066368,18218300,195.18521118164062,0.0005632620923985421,193.89519119262695,185.90194915771485
2025-01-30,200.638916015625,201.16830508891937,197.44260031613962,197.7722225159478,24354700,200.638916015625,0.027941178539951483,194.37613677978516,186.41118255615234
2025-01-31,203.78530883789062,205.24362078448016,201.56786140671954,201.76762828746982,32042000,203.78530883789062,0.015681867131003724,195.11128997802734,187.0450018310547
2025-02-03,200.99850463867188,203.5156099470352,199.8698149328218,200.45913255035472,27838300,200.99850463867188,-0.01367519677993878,195.70061111450195,187.56701416015625
2025-02-04,206.14259338378906,206.81182081300247,202.57669285659674,203.15602747619252,43856400,206.14259338378906,0.025592671718451587,196.4292724609375,188.13563751220704
2025-02-05,191.1099090576172,192.52827375908595,187.81370210065404,190.85021363044225,70373900,191.1099090576172,-0.07292371789552754,196.15259170532227,188.44630920410157
2025-02-06,191.3795928955078,191.87901770448227,188.50290111861952,189.28200260132084,29297400,191.3795928955078,0.0014111452368978927,195.95831527709962,188.92899108886718
2025-02-07,185.1267852783203,190.9600634127379,183.02921021692137,190.83022332592188,49315000,185.1267852783203,-0.03267227985275056,195.5283103942871,189.3438854980469
2025-02-10,186.2554931640625,187.98349876976383,185.64619427540677,187.1344857224474,23105600,186.2554931640625,0.006096945312615176,195.25013122558593,189.72368682861327
2025-02-11,185.10682678222656,186.72495835838524,184.06801459806726,184.81715184499055,21239500,185.10682678222656,-0.006167154387356155,194.96595916748046,190.05118194580078
2025-02-12,183.39878845214844,184.8970629566076,181.62083725948915,183.0092376906385,22072600,183.39878845214844,-0.009227311384293668,194.66380767822267,190.34232147216798
2025-02-13,185.92587280273438,186.06571114375504,182.9293238598035,184.10797436946572,21402500,185.92587280273438,0.013779176906860036,194.1938491821289,190.68958984375
2025-02-14,185.01690673828125,186.1855589387927,184.1079651875959,184.8471041355986,20448400,185.01690673828125,-0.0048888626996927975,193.81029052734374,190.96799530029296
2025-02-18,183.55859375,185.74607679460826,181.5309302979739,185.386490331916,29916700,183.55859375,-0.00788205258638408,193.1994941711426,191.22022796630858
2025-02-19,185.05686950683594,185.246653369277,183.3787942547783,183.8582530360721,19549400,185.05686950683594,0.008162384153348468,192.56122894287108,191.44196502685546
2025-02-20,184.34768676757812,185.09682399614678,182.5098070913863,184.58741616756504,20441500,184.34768676757812,-0.0038322421704621856,191.87152328491212,191.68403900146484
2025-02-21,179.4533233642578,185.12678179449694,178.87398876546825,184.93699793129608,35199200,179.4533233642578,-0.026549632865700223,190.9565773010254,191.78692016601562
2025-02-24,179.04379272460938,182.90933584096624,178.68420625509464,181.78064614487357,29854200,179.04379272460938,-0.0022821011724434292,189.90978240966797,191.86443084716797
2025-02-25,175.21820068359375,178.53438877889693,174.48904471950055,177.8351818432405,41913400,175.21820068359375,-0.02136679514435802,189.09122543334962,191.66965515136718
2025-02-26,172.5312957763672,175.87744820035027,171.38262477536554,174.8686155406987,35431300,172.5312957763672,-0.015334622183905022,187.9640235900879,191.21677673339843
2025-02-27,168.30616760253906,174.3591940996765,167.746814231894,173.78985771928288,39991000,168.30616760253906,-0.024489053738428357,186.6200714111328,190.74811645507813
2025-02-28,170.0841064453125,170.41372863795183,166.5781498819881,168.48594100971005,48130600,170.0841064453125,0.010563717706246534,185.0923309326172,190.35776580810546
2025-03-03,166.81787109375,173.17055534541237,165.73911166521458,171.7322094406985,40770500,166.81787109375,-0.019203648241011284,183.24395904541015,189.7654476928711
2025-03-04,170.72337341308594,173.09064211021553,165.60926829005186,166.04876455679425,45388000,170.72337341308594,0.023411774132647167,181.73020248413087,189.27601135253906
2025-03-05,172.8209686279297,173.58008886593674,168.86551735545183,170.32384453302183,30954900,172.8209686279297,0.012286514569791018,180.0641212463379,188.96876556396484
2025-03-06,172.1517333984375,174.60889486138916,170.30385555544734,170.33381982392953,28302000,172.1517333984375,-0.0038724191561094745,179.1162124633789,188.6459375
2025-03-07,173.66000366210938,174.76872740179581,170.07413701655315,171.06298843219486,27385800,173.66000366210938,0.00876128421072031,178.230233001709,188.29534149169922
2025-03-10,165.8699951171875,168.4600067138672,163.69000244140625,168.25999450683594,43604000,165.8699951171875,-0.04485781631145713,177.26739349365235,187.724619140625
2025-03-11,164.0399932861328,166.75,161.3699951171875,164.91000366210938,39587400,164.0399932861328,-0.01103274784424868,176.15661849975587,187.0877310180664
2025-03-12,167.11000061035156,167.63999938964844,163.52999877929688,166.5800018310547,28372400,167.11000061035156,0.018714992988714485,175.25677719116212,186.52243103027342
2025-03-13,162.75999450683594,166.1300048828125,162.11000061035156,166.0399932861328,31756200,162.75999450683594,-0.026030794612098007,174.22483749389647,185.92686584472656
2025-03-14,165.49000549316406,166.49000549316406,162.4499969482422,163.27000427246094,31995900,165.49000549316406,0.016773231005567935,173.20304412841796,185.41626586914063
2025-03-17,164.2899932861328,166.3000030517578,163.6699981689453,165.02999877929688,31184300,164.2899932861328,-0.007251266947844837,172.16669845581055,184.92042083740233
2025-03-18,160.6699981689453,164.25,156.72000122070312,163.67999267578125,42074800,160.6699981689453,-0.022034178983030284,171.02226867675782,184.34957916259765
2025-03-19,163.88999938964844,165.8699951171875,161.0,161.75999450683594,34275600,163.88999938964844,0.02004108581190911,169.96392517089845,183.79599182128905
2025-03-20,162.8000030517578,164.88999938964844,160.9600067138672,161.57000732421875,28138500,162.8000030517578,-0.0066507800472874745,168.88654098510742,183.11912139892578
2025-03-21,163.99000549316406,164.24000549316406,160.88999938964844,161.2100067138672,36625800,163.99000549316406,0.007309597168913662,168.11337509155274,182.49361907958985
2025-03-24,167.67999267578125,168.32000732421875,165.13999938964844,167.07000732421875,30879100,167.67999267578125,0.022501293121616417,167.54518508911133,181.97268127441407
2025-03-25,170.55999755859375,170.6300048828125,168.32000732421875,168.97999572753906,24174400,170.55999755859375,0.01717560238913629,167.31227493286133,181.5474996948242
2025-03-26,165.05999755859375,169.61000061035156,164.83999633789062,169.0,28901600,165.05999755859375,-0.03224671715951766,166.93871002197267,181.03289428710937
2025-03-27,162.24000549316406,165.4199981689453,162.0,164.6300048828125,24508300,162.24000549316406,-0.017084648655884216,166.6354019165039,180.48885803222657
2025-03-28,154.3300018310547,161.82000732421875,153.6300048828125,160.49000549316406,48623600,154.3300018310547,-0.04875495188788481,165.84769668579102,179.66895721435546
